{
  "assembly_timestamp": "2025-11-16T14:34:35.094020",
  "package_version": "1.0",
  "output_directory": "output\\final_package",
  "source_directories": {
    "artifacts": "output\\artifacts",
    "materials": "output\\agent_materials",
    "presentation": "output\\presentation"
  },
  "package_statistics": {
    "presentation_files": 3,
    "media_files": 13,
    "document_files": 1,
    "agent_files": 1,
    "website_files": 22,
    "marketing_files": 1,
    "resource_files": 2,
    "total_files": 43
  },
  "directory_contents": {
    "presentation": 25,
    "media": 13,
    "documents": 1,
    "marketing_materials": 1,
    "client_resources": 2,
    "agent_resources": 1
  },
  "quality_checks": {
    "presentation_complete": true,
    "media_organized": true,
    "documentation_included": true,
    "client_resources_created": true
  },
  "recommendations": [
    "Test HTML presentation in target browsers",
    "Verify all media links are working",
    "Customize contact information for specific agents",
    "Add client-specific notes before presentations",
    "Create backup copies of the package"
  ]
}